model,split,accuracy,precision,recall,f1,roc_auc,family,Experiment,Accuracy,Precision,Recall,F1,ROC-AUC
Logistic Regression,val,0.9164060278646574,0.9311764705882352,0.8994318181818182,0.915028901734104,0.972321751953226,Baseline,,,,,,
Linear SVM,val,0.9255046914984362,0.9309551208285386,0.9193181818181818,0.9251000571755288,0.9762088011590004,Baseline,,,,,,
Random Forest,val,0.8788740403753199,0.8859953703703703,0.8698863636363636,0.8778669724770642,0.9429308739069696,Baseline,,,,,,
Linear SVM (Best),test,0.9262841894596398,0.9347382732834806,0.9166666666666666,0.9256142712891282,0.976123720516244,Baseline,,,,,,
,,,,,,,RoBERTa,RoBERTa Baseline,0.9795,0.9801,0.979,0.9795,0.9972
,,,,,,,RoBERTa,RoBERTa + Negation,0.9807,0.9796,0.9818,0.9807,0.9968
,,,,,,,RoBERTa,RoBERTa + Negation + Intensifier,0.9812,0.9834,0.979,0.9812,0.9974
,,,,,,,TwitterRoBERTa,TwitterRoBERTa Baseline,0.9816,0.9807,0.9826,0.9816,0.9986
,,,,,,,TwitterRoBERTa,TwitterRoBERTa + Negation,0.9843,0.984,0.9846,0.9843,0.9985
,,,,,,,TwitterRoBERTa,TwitterRoBERTa + Negation + Intensifier,0.9816,0.9826,0.9806,0.9816,0.9971
,,,,,,,DistilRoBERTa,DistilRoBERTa Baseline,0.9795,0.9856,0.9733,0.9794,0.9973
,,,,,,,DistilRoBERTa,DistilRoBERTa + Negation,0.9784,0.9828,0.9739,0.9783,0.9973
,,,,,,,DistilRoBERTa,DistilRoBERTa + Negation + Intensifier,0.9778,0.9762,0.9795,0.9779,0.9975
